{
  "engineVersion": "5.2.6",
  "compilerVersion": "5.2.6",
  "template": {},
  "target": {
    "current": "wxgame"
  },
  "eui": {
    "exmlRoot": [
      "resource/eui_skins"
    ],
    "themes": [
      "resource/default.thm.json"
    ],
    "exmlPublishPolicy": "commonjs"
  },
  "modules": [
    {
      "name": "egret"
    },
    {
      "name": "eui"
    },
    {
      "name": "assetsmanager"
    },
    {
      "name": "tween"
    },
    {
      "name": "game"
    },
    {
      "name": "promise"
    },
    {
      "name": "socket"
    }
    
  ]
}
